爱笑的笑笑-诱惑皮革内衣,https://acgcy.me/archives/974
萌白酱-蓝白条视频,https://acgcy.me/archives/968
猫性少女-白丝,https://acgcy.me/archives/963
bowknot酱三套合集,https://acgcy.me/archives/958
小兔牙13套视频图包合集,https://acgcy.me/archives/953
悠宝-白丝死库水捆绑,https://acgcy.me/archives/948
我是你可爱的小猫-七夕视频 5V,https://acgcy.me/archives/943
猫性少女图包视频第二期,https://acgcy.me/archives/938
猫性少女-高叉紧身衣,https://acgcy.me/archives/932
小鸟酱-吊带白纱,https://acgcy.me/archives/927
魔法少女小柠檬,https://acgcy.me/archives/922
彩虹喵咪酱 三套合集,https://acgcy.me/archives/917
萌逼乖乖,https://acgcy.me/archives/908
我是你可爱的小猫-黑丝高跟小短裙,https://acgcy.me/archives/903
花狸追-黑丝奶油浴,https://acgcy.me/archives/898
小鸟酱-制服黑丝,https://acgcy.me/archives/892
少女映画-响,https://acgcy.me/archives/883
饲育少女-透明睡衣,https://acgcy.me/archives/881
懒癌晚期少女樱-视频合集 15V,https://acgcy.me/archives/872
悠宝-公车露出,https://acgcy.me/archives/867
少女映画-天津风,https://acgcy.me/archives/862
见木12套，感谢群友“吾空”的分享,https://acgcy.me/archives/845
花狸追-无内一体灰丝,https://acgcy.me/archives/834
少女映画-鹿岛,https://acgcy.me/archives/818
少女映画-美云,https://acgcy.me/archives/813
海豚加速器无限两天试用破解,https://acgcy.me/archives/806
纯净精简迅雷9.1简化vip版本,https://acgcy.me/archives/801
西尔酱-白色吊衫,https://acgcy.me/archives/791
萌白酱 全套视频图包合集,https://acgcy.me/archives/786
众筹专用,https://acgcy.me/archives/780
咬一口小奈樱 奈樱少女 15套图包视频,https://acgcy.me/archives/769
我是一只啾-7套无水印合集,https://acgcy.me/archives/760
我是你可爱的小猫-白丝,https://acgcy.me/archives/755
呆萌橘子酱 全套图包视频合集 8GB+,https://acgcy.me/archives/749
Aria2下载工具,https://acgcy.me/archives/733
邪魔暖暖-电影院露出 图包视频,https://acgcy.me/archives/727
邪魔暖暖&千岁娇日常白丝,https://acgcy.me/archives/722
邪魔暖暖&千岁娇 KTV,https://acgcy.me/archives/713
少女映画-离岛栖姬,https://acgcy.me/archives/696
萌兰酱-双人楼道露,https://acgcy.me/archives/679
棉尾兔几 两套,https://acgcy.me/archives/669
萌兰酱-马桶坐便器,https://acgcy.me/archives/657
少女映画-死库水,https://acgcy.me/archives/643
少女映画-伊莉雅,https://acgcy.me/archives/637
西尔酱图包视频无水印合集11套,https://acgcy.me/archives/629
完具少女 玩具M 113套视频图包合集 7GB+,https://acgcy.me/archives/612
我是你可爱的小猫 图包视频合集,https://acgcy.me/archives/581
ACG次元社上线达成！,https://acgcy.me/archives/548
