8,原来是茜公举殿下-1122  图包,https://acgcy.me/archives/2477,https://pan.baidu.com/s/1o8C9e2Y,ekyc
8,镜颜欢-1121 图包视频,https://acgcy.me/archives/2467,https://pan.baidu.com/s/1i5iXgtZ,3ptq
10,少女映画-墨小菊 图包,https://acgcy.me/archives/2351,https://pan.baidu.com/s/1ctuoBc,ufe7
10,少女映画-南小鸟警官新版 图包视频,https://acgcy.me/archives/2335,https://pan.baidu.com/s/1nvFs32p,nic5
12,液液酱-1018 图包视频,https://acgcy.me/archives/2187,https://pan.baidu.com/s/1i5lDVFZ,cbin
13,少女映画-罗森鹿岛 图包,https://acgcy.me/archives/2142,https://pan.baidu.com/s/1eScq0ue,x2s9
14,隔壁小姐姐-1022 图包视频,https://acgcy.me/archives/2102,https://pan.baidu.com/s/1qYLrmUg,tw6a
14,呆萌橘子酱-雷姆,https://acgcy.me/archives/2079,https://pan.baidu.com/s/1dESOPOH,326d
14,毛女王的日常-1009  图包视频,https://acgcy.me/archives/2062,https://pan.baidu.com/s/1nvFr8m9,nniy
16,小兔牙-没穿内衣逛超市 图包,https://acgcy.me/archives/1949,https://pan.baidu.com/s/1c19Tsgo,vhqi
16,花野美-0924  图包,https://acgcy.me/archives/1914,https://pan.baidu.com/s/1jHXxyOu,n2tb
16,花野美-0922 图包,https://acgcy.me/archives/1909,https://pan.baidu.com/s/1qYqildi,ni76
18,镜颜欢-被捆起来了 图包,https://acgcy.me/archives/1808,https://pan.baidu.com/s/1bHyvEY,wvbn
19,隔壁小姐姐-羞耻丝袜 图包视频,https://acgcy.me/archives/1742,https://pan.baidu.com/s/1gfnHZsn,3e5k
19,隔壁小姐姐-小黄瓜,https://acgcy.me/archives/1723,https://pan.baidu.com/s/1cwFAxC,2wt8
19,隔壁小姐姐-撕丝袜 图包视频,https://acgcy.me/archives/1717,https://pan.baidu.com/s/1i5mrZ4D,d89q
19,隔壁小姐姐-户外黑丝露出  图包视频,https://acgcy.me/archives/1701,https://pan.baidu.com/s/1cnmlt0,ghd9
20,隔壁小姐姐-黑色丝袜 图包视频,https://acgcy.me/archives/1678,https://pan.baidu.com/s/1c2fa4z2,ev63
20,少女映画-安娜,https://acgcy.me/archives/1663,https://pan.baidu.com/s/1pL0sENL,2h2j
20,少女映画-克鲁鲁,https://acgcy.me/archives/1635,https://pan.baidu.com/s/1i5y3c25,shvk
21,少女映画-时崎狂三校服,https://acgcy.me/archives/1613,https://pan.baidu.com/s/1o7Tk81G,vagi
22,呆萌橘子酱-穹妹 图包,https://acgcy.me/archives/1547,https://pan.baidu.com/s/1i5L3sbj,9eem
22,小十七 0915 图包,https://acgcy.me/archives/1537,https://pan.baidu.com/s/1dET2JbN,rqc4
22,小十七 0910 图包视频,https://acgcy.me/archives/1532,https://pan.baidu.com/s/1hrMBezq,m1e4
22,小十七 0905 图包视频,https://acgcy.me/archives/1527,https://pan.baidu.com/s/1pKD9tCB,aqkt
23,少女映画-萤草,https://acgcy.me/archives/1474,https://pan.baidu.com/s/1nvolcsp,avcb
23,习呆呆-玛丽罗斯 37P 3V,https://acgcy.me/archives/1454,https://pan.baidu.com/s/1micbEOg,6cf7
24,甜甜的小奶猫-全裸创可贴 图包视频,https://acgcy.me/archives/1420,https://pan.baidu.com/s/1skNEw13,iiua
24,萌白酱-无法描述的诱惑 图包视频,https://acgcy.me/archives/1385,https://pan.baidu.com/s/1nuXpQT7,26tt
24,花狸追-白丝花格短裙 图包视频,https://acgcy.me/archives/1352,https://pan.baidu.com/s/1pLgFlTx,na2u
25,木花琳琳是勇者-尾行 视频图包,https://acgcy.me/archives/1325,https://pan.baidu.com/s/1kV7RAUN,hi5u
25,小鸟酱-dreamstart 图包视频,https://acgcy.me/archives/1320,https://pan.baidu.com/s/1nuBBead,mar2
25,Nagesa电子写真集2号,https://acgcy.me/archives/1293,https://pan.baidu.com/s/1bo5jN6f,as5p
26,千岁娇-旧楼道露出 图包视频,https://acgcy.me/archives/1271,https://pan.baidu.com/s/1o7GYBZc,9mft
26,千岁娇-礼物内衣 图包视频,https://acgcy.me/archives/1259,https://pan.baidu.com/s/1dFq2J9v,yqdm
26,少女映画-Saber Lily,https://acgcy.me/archives/1228,https://pan.baidu.com/s/1qYt4i2g,cvgn
26,千镜映像-安乐冈花火,https://acgcy.me/archives/1217,https://pan.baidu.com/s/1kU7BqBl,jpk4
26,悠宝-四套合集,https://acgcy.me/archives/1201,https://pan.baidu.com/s/1boJwTOj,8yd9
26,少女映画-洛天依金丝雀,https://acgcy.me/archives/1139,https://pan.baidu.com/s/1c73TYA,ctkf
27,阿糖糖-三套 视频,https://acgcy.me/archives/1105,https://pan.baidu.com/s/1o8zDJNO,xxxd
27,液液酱-白丝小学生 图包视频,https://acgcy.me/archives/1099,https://pan.baidu.com/s/1geSIbmz,ej84
27,你陌-13套合集,https://acgcy.me/archives/1094,https://pan.baidu.com/s/1pLLWupX,ag7r
27,少女映画-小叽,https://acgcy.me/archives/1084,https://pan.baidu.com/s/1cGXg1S,jd6a
27,原来是茜公举殿下-针织衫图包视频,https://acgcy.me/archives/1079,https://pan.baidu.com/s/1dFeru97,nz2s
27,萌兰酱-双人全裸秀 视频,https://acgcy.me/archives/1073,https://pan.baidu.com/s/1i5pEzhb,ffrt
27,完具少女完具M 图包视频-0831,https://acgcy.me/archives/1068,https://pan.baidu.com/s/1qXCQC4c,rnfw
27,木花琳琳是勇者-死库水图包视频,https://acgcy.me/archives/1056,https://pan.baidu.com/s/1hsFyWWO,jqac
27,花野美 图包视频-170903,https://acgcy.me/archives/1051,https://pan.baidu.com/s/1cm4S7G,77n2
28,花野美-170901,https://acgcy.me/archives/1046,https://pan.baidu.com/s/1cGrhHs,pzg3
28,原来是茜公举殿下-腰控视频,https://acgcy.me/archives/1040,https://pan.baidu.com/s/1cxun4E,9z1a
28,原来是茜公举殿下-穿白丝视频,https://acgcy.me/archives/1034,https://pan.baidu.com/s/1catFVC,942t
28,原来是茜公举殿下-厕所露出视频,https://acgcy.me/archives/1029,https://pan.baidu.com/s/1hsEdcs0,uv5h
28,完具少女 完具M 图包视频 0905,https://acgcy.me/archives/1027,https://pan.baidu.com/s/1kV5Pwiz,n7t2
28,甜甜的小奶猫-黑丝小短裤,https://acgcy.me/archives/1010,https://pan.baidu.com/s/1i55nzWp,psm5
28,洛可可三套合集,https://acgcy.me/archives/1005,https://pan.baidu.com/s/1jIbzrBw,hcmp
28,小蜜桃-浴衣,https://acgcy.me/archives/1000,https://pan.baidu.com/s/1qXLDPSg,ezx6
28,少女映画-索尼子,https://acgcy.me/archives/995,https://pan.baidu.com/s/1eRYP9aq,6ewh
28,少女映画-狂三圣诞SM,https://acgcy.me/archives/990,https://pan.baidu.com/s/1c1FqN1u,ux81
28,九奈-体操服,https://acgcy.me/archives/984,https://pan.baidu.com/s/1c2Ouxdm,8qc4
28,花野美-红毛衣,https://acgcy.me/archives/979,https://pan.baidu.com/s/1dFmyCST,26ey
29,爱笑的笑笑-诱惑皮革内衣,https://acgcy.me/archives/974,https://pan.baidu.com/s/1hsQUd2c,zi86
29,萌白酱-蓝白条视频,https://acgcy.me/archives/968,https://pan.baidu.com/s/1dEX5189,m7cm
29,猫性少女-白丝,https://acgcy.me/archives/963,https://pan.baidu.com/s/1bo7Rjif,fbru
29,bowknot酱三套合集,https://acgcy.me/archives/958,https://pan.baidu.com/s/1bOil34,eugs
29,小兔牙13套视频图包合集,https://acgcy.me/archives/953,https://pan.baidu.com/s/1bo3hxb5,t775
29,悠宝-白丝死库水捆绑,https://acgcy.me/archives/948,https://pan.baidu.com/s/1dFvmcX7,fcmf
29,我是你可爱的小猫-七夕视频 5V,https://acgcy.me/archives/943,https://pan.baidu.com/s/1jI1h4eM,b344
29,猫性少女图包视频第二期,https://acgcy.me/archives/938,https://pan.baidu.com/s/1i43BjeP,xinx
29,猫性少女-高叉紧身衣,https://acgcy.me/archives/932,https://pan.baidu.com/s/1c28LraS,yuzy
29,小鸟酱-吊带白纱,https://acgcy.me/archives/927,https://pan.baidu.com/s/1nuDCpNb,vfrw
29,魔法少女小柠檬,https://acgcy.me/archives/922,https://pan.baidu.com/s/1i4JQhEX,7myn
29,彩虹喵咪酱 三套合集,https://acgcy.me/archives/917,https://pan.baidu.com/s/1qYwl7be,suxe
30,萌逼乖乖,https://acgcy.me/archives/908,https://pan.baidu.com/s/1cjgL2Y,g7a6
30,我是你可爱的小猫-黑丝高跟小短裙,https://acgcy.me/archives/903,https://pan.baidu.com/s/1eSoytwu,37j5
30,花狸追-黑丝奶油浴,https://acgcy.me/archives/898,https://pan.baidu.com/s/1o7FCgrw,6txi
30,小鸟酱-制服黑丝,https://acgcy.me/archives/892,http://pan.baidu.com/s/1cxZNuY,an94
30,少女映画-响,https://acgcy.me/archives/883,https://pan.baidu.com/s/1kVgM4dT,pp3k
30,饲育少女-透明睡衣,https://acgcy.me/archives/881,https://pan.baidu.com/s/1b5lgfG,6gj8
30,懒癌晚期少女樱-视频合集 15V,https://acgcy.me/archives/872,https://pan.baidu.com/s/1i4O98vb,jw5w
30,悠宝-公车露出,https://acgcy.me/archives/867,https://pan.baidu.com/s/1slJjX6X,byif
30,少女映画-天津风,https://acgcy.me/archives/862,https://pan.baidu.com/s/1qXGnLU0,8n5k
30,见木12套，感谢群友“吾空”的分享,https://acgcy.me/archives/845,https://pan.baidu.com/s/1bpcYRAB,gyey
30,花狸追-无内一体灰丝,https://acgcy.me/archives/834,https://pan.baidu.com/s/1micG9BU,epe5
30,少女映画-鹿岛,https://acgcy.me/archives/818,https://pan.baidu.com/s/1o78krbG,p6at
31,少女映画-美云,https://acgcy.me/archives/813,https://pan.baidu.com/s/1c2tRLZi,g5ph
31,海豚加速器无限两天试用破解,https://acgcy.me/archives/806,https://pan.baidu.com/s/1eRG8eps,yy8w
31,少女映画-美云,https://acgcy.me/archives/813,https://pan.baidu.com/s/1c2tRLZi,g5ph
31,少女映画-美云,https://acgcy.me/archives/813,https://pan.baidu.com/s/1c2tRLZi,g5ph
31,海豚加速器无限两天试用破解,https://acgcy.me/archives/806,https://pan.baidu.com/s/1eRG8eps,yy8w
31,纯净精简迅雷9.1简化vip版本,https://acgcy.me/archives/801,https://pan.baidu.com/s/1c2eYCVY,纯净版迅雷 9 ，下载速度不受限，无广告，占内存小
31,西尔酱-白色吊衫,https://acgcy.me/archives/791,https://pan.baidu.com/s/1hrWcSMK,vyfj
31,萌白酱 全套视频图包合集,https://acgcy.me/archives/786,https://pan.baidu.com/s/1c1LvIDi,r9rd
31,咬一口小奈樱 奈樱少女 15套图包视频,https://acgcy.me/archives/769,https://pan.baidu.com/s/1kV9SwXT,sbun
31,我是一只啾-7套无水印合集,https://acgcy.me/archives/760,https://pan.baidu.com/s/1jHI1I30,888a
31,我是你可爱的小猫-白丝,https://acgcy.me/archives/755,https://pan.baidu.com/s/1boJvX1t,p17x
31,呆萌橘子酱 全套图包视频合集 8GB+,https://acgcy.me/archives/749,https://pan.baidu.com/s/1hr3CAUC,感谢群友 订书针 的分享
31,邪魔暖暖-电影院露出 图包视频,https://acgcy.me/archives/727,https://pan.baidu.com/s/1miHrVo0,uk8f
32,邪魔暖暖&千岁娇日常白丝,https://acgcy.me/archives/722,https://pan.baidu.com/s/1jHLP15c,u587
32,邪魔暖暖&千岁娇 KTV,https://acgcy.me/archives/713,https://pan.baidu.com/s/1dFeq7DZ,pdds
32,少女映画-离岛栖姬,https://acgcy.me/archives/696,https://pan.baidu.com/s/1i5kTWSd,2ctv
32,萌兰酱-双人楼道露,https://acgcy.me/archives/679,https://pan.baidu.com/s/1slsLi2L,u1xv
32,棉尾兔几 两套,https://acgcy.me/archives/669,https://pan.baidu.com/s/1nuDBKP7,v7ak
32,少女映画-死库水,https://acgcy.me/archives/643,http://pan.baidu.com/s/1o89gtXw,83d5
32,少女映画-伊莉雅,https://acgcy.me/archives/637,https://pan.baidu.com/s/1dFzoWM1,pnnr
32,西尔酱图包视频无水印合集11套,https://acgcy.me/archives/629,https://pan.baidu.com/s/1jIh4cZG,r2ge
