down_pwd,down_url,url,title,page
na2u,https://pan.baidu.com/s/1pLgFlTx,https://acgcy.me/archives/1352,花狸追-白丝花格短裙 图包视频,25
mar2,https://pan.baidu.com/s/1nuBBead,https://acgcy.me/archives/1320,小鸟酱-dreamstart 图包视频,25
as5p,https://pan.baidu.com/s/1bo5jN6f,https://acgcy.me/archives/1293,Nagesa电子写真集2号,26
9mft,https://pan.baidu.com/s/1o7GYBZc,https://acgcy.me/archives/1271,千岁娇-旧楼道露出 图包视频,26
cvgn,https://pan.baidu.com/s/1qYt4i2g,https://acgcy.me/archives/1228,少女映画-Saber Lily,26
yqdm,https://pan.baidu.com/s/1dFq2J9v,https://acgcy.me/archives/1259,千岁娇-礼物内衣 图包视频,26
jpk4,https://pan.baidu.com/s/1kU7BqBl,https://acgcy.me/archives/1217,千镜映像-安乐冈花火,26
8yd9,https://pan.baidu.com/s/1boJwTOj,https://acgcy.me/archives/1201,悠宝-四套合集,26
ctkf,https://pan.baidu.com/s/1c73TYA,https://acgcy.me/archives/1139,少女映画-洛天依金丝雀,27
ag7r,https://pan.baidu.com/s/1pLLWupX,https://acgcy.me/archives/1094,你陌-13套合集,27
jd6a,https://pan.baidu.com/s/1cGXg1S,https://acgcy.me/archives/1084,少女映画-小叽,27
xxxd,https://pan.baidu.com/s/1o8zDJNO,https://acgcy.me/archives/1105,阿糖糖-三套 视频,27
rnfw,https://pan.baidu.com/s/1qXCQC4c,https://acgcy.me/archives/1068,完具少女完具M 图包视频-0831,27
ej84,https://pan.baidu.com/s/1geSIbmz,https://acgcy.me/archives/1099,液液酱-白丝小学生 图包视频,27
nz2s,https://pan.baidu.com/s/1dFeru97,https://acgcy.me/archives/1079,原来是茜公举殿下-针织衫图包视频,27
ffrt,https://pan.baidu.com/s/1i5pEzhb,https://acgcy.me/archives/1073,萌兰酱-双人全裸秀 视频,27
9z1a,https://pan.baidu.com/s/1cxun4E,https://acgcy.me/archives/1040,原来是茜公举殿下-腰控视频,28
pzg3,https://pan.baidu.com/s/1cGrhHs,https://acgcy.me/archives/1046,花野美-170901,28
psm5,https://pan.baidu.com/s/1i55nzWp,https://acgcy.me/archives/1010,甜甜的小奶猫-黑丝小短裤,28
77n2,https://pan.baidu.com/s/1cm4S7G,https://acgcy.me/archives/1051,花野美 图包视频-170903,28
hcmp,https://pan.baidu.com/s/1jIbzrBw,https://acgcy.me/archives/1005,洛可可三套合集,28
942t,https://pan.baidu.com/s/1catFVC,https://acgcy.me/archives/1034,原来是茜公举殿下-穿白丝视频,28
jqac,https://pan.baidu.com/s/1hsFyWWO,https://acgcy.me/archives/1056,木花琳琳是勇者-死库水图包视频,28
uv5h,https://pan.baidu.com/s/1hsEdcs0,https://acgcy.me/archives/1029,原来是茜公举殿下-厕所露出视频,28
ezx6,https://pan.baidu.com/s/1qXLDPSg,https://acgcy.me/archives/1000,小蜜桃-浴衣,28
6ewh,https://pan.baidu.com/s/1eRYP9aq,https://acgcy.me/archives/995,少女映画-索尼子,28
n7t2,https://pan.baidu.com/s/1kV5Pwiz,https://acgcy.me/archives/1027,完具少女 完具M 图包视频 0905,28
26ey,https://pan.baidu.com/s/1dFmyCST,https://acgcy.me/archives/979,花野美-红毛衣,29
ux81,https://pan.baidu.com/s/1c1FqN1u,https://acgcy.me/archives/990,少女映画-狂三圣诞SM,29
8qc4,https://pan.baidu.com/s/1c2Ouxdm,https://acgcy.me/archives/984,九奈澪-体操服,29
eugs,https://pan.baidu.com/s/1bOil34,https://acgcy.me/archives/958,bowknot酱三套合集,29
xinx,https://pan.baidu.com/s/1i43BjeP,https://acgcy.me/archives/938,猫性少女图包视频第二期,29
zi86,https://pan.baidu.com/s/1hsQUd2c,https://acgcy.me/archives/974,爱笑的笑笑-诱惑皮革内衣,29
fbru,https://pan.baidu.com/s/1bo7Rjif,https://acgcy.me/archives/963,猫性少女-白丝,29
m7cm,https://pan.baidu.com/s/1dEX5189,https://acgcy.me/archives/968,萌白酱-蓝白条视频,29
t775,https://pan.baidu.com/s/1bo3hxb5,https://acgcy.me/archives/953,小兔牙13套视频图包合集,29
yuzy,https://pan.baidu.com/s/1c28LraS,https://acgcy.me/archives/932,猫性少女-高叉紧身衣,29
b344,https://pan.baidu.com/s/1jI1h4eM,https://acgcy.me/archives/943,我是你可爱的小猫-七夕视频 5V,29
fcmf,https://pan.baidu.com/s/1dFvmcX7,https://acgcy.me/archives/948,悠宝-白丝死库水捆绑,29
g7a6,https://pan.baidu.com/s/1cjgL2Y,https://acgcy.me/archives/908,萌逼乖乖,30
6txi,https://pan.baidu.com/s/1o7FCgrw,https://acgcy.me/archives/898,花狸追-黑丝奶油浴,30
7myn,https://pan.baidu.com/s/1i4JQhEX,https://acgcy.me/archives/922,魔法少女小柠檬,30
pp3k,https://pan.baidu.com/s/1kVgM4dT,https://acgcy.me/archives/883,少女映画-响,30
suxe,https://pan.baidu.com/s/1qYwl7be,https://acgcy.me/archives/917,彩虹喵咪酱 三套合集,30
an94,http://pan.baidu.com/s/1cxZNuY,https://acgcy.me/archives/892,小鸟酱-制服黑丝,30
37j5,https://pan.baidu.com/s/1eSoytwu,https://acgcy.me/archives/903,我是你可爱的小猫-黑丝高跟小短裙,30
vfrw,https://pan.baidu.com/s/1nuDCpNb,https://acgcy.me/archives/927,小鸟酱-吊带白纱,30
byif,https://pan.baidu.com/s/1slJjX6X,https://acgcy.me/archives/867,悠宝-公车露出,30
jw5w,https://pan.baidu.com/s/1i4O98vb,https://acgcy.me/archives/872,懒癌晚期少女樱-视频合集 15V,30
8n5k,https://pan.baidu.com/s/1qXGnLU0,https://acgcy.me/archives/862,少女映画-天津风,30
6gj8,https://pan.baidu.com/s/1b5lgfG,https://acgcy.me/archives/881,饲育少女-透明睡衣,30
gyey,https://pan.baidu.com/s/1bpcYRAB,https://acgcy.me/archives/845,见木12套，感谢群友“吾空”的分享,31
g5ph,https://pan.baidu.com/s/1c2tRLZi,https://acgcy.me/archives/813,少女映画-美云,31
yy8w,https://pan.baidu.com/s/1eRG8eps,https://acgcy.me/archives/806,海豚加速器无限两天试用破解,31
epe5,https://pan.baidu.com/s/1micG9BU,https://acgcy.me/archives/834,花狸追-无内一体灰丝,31
r9rd,https://pan.baidu.com/s/1c1LvIDi,https://acgcy.me/archives/786,萌白酱 全套视频图包合集,31
vyfj,https://pan.baidu.com/s/1hrWcSMK,https://acgcy.me/archives/791,西尔酱-白色吊衫,31
p6at,https://pan.baidu.com/s/1o78krbG,https://acgcy.me/archives/818,少女映画-鹿岛,31
sbun,https://pan.baidu.com/s/1kV9SwXT,https://acgcy.me/archives/769,咬一口小奈樱 奈樱少女 15套图包视频,31
p17x,https://pan.baidu.com/s/1boJvX1t,https://acgcy.me/archives/755,我是你可爱的小猫-白丝,31
888a,https://pan.baidu.com/s/1jHI1I30,https://acgcy.me/archives/760,我是一只啾-7套无水印合集,31
2ctv,https://pan.baidu.com/s/1i5kTWSd,https://acgcy.me/archives/696,少女映画-离岛栖姬,32
u587,https://pan.baidu.com/s/1jHLP15c,https://acgcy.me/archives/722,邪魔暖暖&千岁娇日常白丝,32
v7ak,https://pan.baidu.com/s/1nuDBKP7,https://acgcy.me/archives/669,棉尾兔几 两套,32
uk8f,https://pan.baidu.com/s/1miHrVo0,https://acgcy.me/archives/727,邪魔暖暖-电影院露出 图包视频,32
u1xv,https://pan.baidu.com/s/1slsLi2L,https://acgcy.me/archives/679,萌兰酱-双人楼道露,32
pdds,https://pan.baidu.com/s/1dFeq7DZ,https://acgcy.me/archives/713,邪魔暖暖&千岁娇 KTV,32
pnnr,https://pan.baidu.com/s/1dFzoWM1,https://acgcy.me/archives/637,少女映画-伊莉雅,32
r2ge,https://pan.baidu.com/s/1jIh4cZG,https://acgcy.me/archives/629,西尔酱图包视频无水印合集11套,32
83d5,http://pan.baidu.com/s/1o89gtXw,https://acgcy.me/archives/643,少女映画-死库水,32
